date,repository,clones,views
2020-04-14,analytics-google,2,2
2020-04-15,analytics-google,3,0
2020-04-16,analytics-google,3,2
2020-04-17,analytics-google,2,1
2020-04-18,analytics-google,2,1
2020-04-19,analytics-google,2,1
2020-04-20,analytics-google,4,5
2020-04-21,analytics-google,4,3
2020-04-22,analytics-google,2,0
2020-04-23,analytics-google,5,4
2020-04-24,analytics-google,3,10
2020-04-25,analytics-google,5,1
2020-04-26,analytics-google,4,1
2020-04-27,analytics-google,3,1
2020-04-20,cristianpb.github.io,2,0
2020-04-21,cristianpb.github.io,1,0
2020-04-22,cristianpb.github.io,4,1
2020-04-26,cristianpb.github.io,8,0
2020-04-17,cristianpb.github.io,0,1
2020-04-24,cristianpb.github.io,0,1
2020-04-25,cristianpb.github.io,0,1
2020-04-27,cristianpb.github.io,0,7
2020-04-25,datalab.mi,1,0
2020-04-24,deces-dataprep,22,89
2020-04-25,deces-dataprep,5,80
2020-04-17,deces-ui,1,4
2020-04-14,dotfiles,2,6
2020-04-18,dotfiles,1,18
2020-04-20,dotfiles,3,42
2020-04-23,dotfiles,1,9
2020-04-24,dotfiles,1,6
2020-04-27,dotfiles,1,6
2020-04-15,dotfiles,0,8
2020-04-17,dotfiles,0,3
2020-04-19,dotfiles,0,1
2020-04-21,dotfiles,0,3
2020-04-22,dotfiles,0,1
2020-04-26,dotfiles,0,3
2020-04-23,git-auto-commit-action,5,4
2020-04-25,git-auto-commit-action,1,0
2020-04-19,muse,33,26
2020-04-20,muse,15,3
2020-04-21,muse,19,9
2020-04-22,muse,9,11
2020-04-23,muse,30,66
2020-04-24,muse,6,6
2020-04-25,muse,30,60
2020-04-26,muse,20,45
2020-04-27,muse,26,54
2020-04-19,object-detection,1,27
2020-04-20,object-detection,3,53
2020-04-21,object-detection,2,33
2020-04-22,object-detection,1,18
2020-04-24,object-detection,1,26
2020-04-25,object-detection,1,166
2020-04-26,object-detection,2,43
2020-04-27,object-detection,2,41
2020-04-14,object-detection,0,12
2020-04-15,object-detection,0,11
2020-04-16,object-detection,0,8
2020-04-17,object-detection,0,16
2020-04-18,object-detection,0,41
2020-04-23,object-detection,0,54
2020-04-16,object-detection-frontend,1,2
2020-04-19,object-detection-frontend,2,4
2020-04-20,object-detection-frontend,4,1
2020-04-21,object-detection-frontend,2,2
2020-04-22,object-detection-frontend,1,1
2020-04-23,object-detection-frontend,1,32
2020-04-24,object-detection-frontend,20,1
2020-04-25,object-detection-frontend,13,1
2020-04-26,object-detection-frontend,2,2
2020-04-27,object-detection-frontend,2,0
2020-04-14,object-detection-frontend,0,5
2020-04-18,object-detection-frontend,0,1
2020-04-27,PresentationTechnique,0,3
2020-04-17,qrcode-reader,0,2
2020-04-24,qrcode-reader,0,1
2020-04-16,rhasspy-handler,1,0
2020-04-19,rhasspy-handler,1,2
2020-04-20,rhasspy-handler,2,0
2020-04-14,rhasspy-handler,0,1
2020-04-17,rhasspy-handler,0,1
2020-04-22,rhasspy-handler,0,1
2020-04-24,rhasspy-handler,0,1
2020-04-26,rhasspy-handler,0,3
2020-04-27,rhasspy-handler,0,4
2020-04-15,stats,4,0
2020-04-16,stats,5,0
2020-04-17,stats,3,0
2020-04-18,stats,4,1
2020-04-19,stats,5,0
2020-04-20,stats,3,0
2020-04-21,stats,3,5
2020-04-22,stats,4,0
2020-04-23,stats,5,0
2020-04-24,stats,6,0
2020-04-25,stats,4,10
2020-04-26,stats,5,0
2020-04-27,stats,6,0
2020-04-20,telegraf-influxdb-grafana-docker,1,23
2020-04-27,telegraf-influxdb-grafana-docker,1,21
2020-04-14,telegraf-influxdb-grafana-docker,0,5
2020-04-21,telegraf-influxdb-grafana-docker,0,32
2020-04-22,telegraf-influxdb-grafana-docker,0,1
2020-04-20,vimwiki,4,0
2020-04-22,vimwiki,5,2
2020-04-23,vimwiki,3,1
2020-04-24,vimwiki,1,12
2020-04-18,vimwiki,0,1
